{
  "sphere": {
    "label": "Sphere",
    "rows": 265327,
    "phi_count": 71,
    "theta_count": 37,
    "freq_count": 101,
    "phi_min": 0.0,
    "phi_max": 350.0,
    "theta_min": 0.0,
    "theta_max": 180.0,
    "freq_min": 9.0,
    "freq_max": 11.0,
    "freq_step": 0.02,
    "overall_peak_phi": 175.0,
    "overall_peak_theta": 180.0,
    "overall_peak_aspect": 355.0,
    "overall_peak_depression": 90.0,
    "overall_peak_freq": 9.22,
    "overall_peak_db_rel": -3.552753406133977,
    "overall_peak_amp": 0.6642970589557974,
    "dep30_10ghz_min_db": -5.579475005860073,
    "dep30_10ghz_max_db": -4.932720913011043,
    "dep30_10ghz_span_db": 0.6467540928490294,
    "rep_phi225_theta120_min_db": -5.7447133391510565,
    "rep_phi225_theta120_max_db": -4.9300735450856195
  },
  "trihedral": {
    "label": "Trihedral corner reflector",
    "rows": 265327,
    "phi_count": 71,
    "theta_count": 37,
    "freq_count": 101,
    "phi_min": 0.0,
    "phi_max": 350.0,
    "theta_min": 0.0,
    "theta_max": 180.0,
    "freq_min": 9.0,
    "freq_max": 11.0,
    "freq_step": 0.02,
    "overall_peak_phi": 45.0,
    "overall_peak_theta": 55.0,
    "overall_peak_aspect": 225.0,
    "overall_peak_depression": -35.0,
    "overall_peak_freq": 11.0,
    "overall_peak_db_rel": 26.10633209400328,
    "overall_peak_amp": 20.198383079219546,
    "dep30_10ghz_min_db": -80.97329946885543,
    "dep30_10ghz_max_db": -11.365124553550004,
    "dep30_10ghz_span_db": 69.60817491530543,
    "rep_phi225_theta120_min_db": -84.6787417113207,
    "rep_phi225_theta120_max_db": -36.73456068993494
  },
  "dihedral": {
    "label": "Dihedral corner reflector",
    "rows": 265327,
    "phi_count": 71,
    "theta_count": 37,
    "freq_count": 101,
    "phi_min": 0.0,
    "phi_max": 350.0,
    "theta_min": 0.0,
    "theta_max": 180.0,
    "freq_min": 9.0,
    "freq_max": 11.0,
    "freq_step": 0.02,
    "overall_peak_phi": 0.0,
    "overall_peak_theta": 90.0,
    "overall_peak_aspect": 180.0,
    "overall_peak_depression": 0.0,
    "overall_peak_freq": 11.0,
    "overall_peak_db_rel": 27.388988386994114,
    "overall_peak_amp": 23.4125878165595,
    "dep30_10ghz_min_db": -41.524546460354664,
    "dep30_10ghz_max_db": -14.758487672468858,
    "dep30_10ghz_span_db": 26.766058787885804,
    "rep_phi225_theta120_min_db": -15.515384165352389,
    "rep_phi225_theta120_max_db": -14.417373945997356
  },
  "cone": {
    "label": "Cone",
    "rows": 265327,
    "phi_count": 71,
    "theta_count": 37,
    "freq_count": 101,
    "phi_min": 0.0,
    "phi_max": 350.0,
    "theta_min": 0.0,
    "theta_max": 180.0,
    "freq_min": 9.0,
    "freq_max": 11.0,
    "freq_step": 0.02,
    "overall_peak_phi": 0.0,
    "overall_peak_theta": 180.0,
    "overall_peak_aspect": 180.0,
    "overall_peak_depression": 90.0,
    "overall_peak_freq": 11.0,
    "overall_peak_db_rel": 31.275637214283304,
    "overall_peak_amp": 36.625356503539706,
    "dep30_10ghz_min_db": -31.876709398706407,
    "dep30_10ghz_max_db": -30.322033151285392,
    "dep30_10ghz_span_db": 1.554676247421014,
    "rep_phi225_theta120_min_db": -46.85086223786765,
    "rep_phi225_theta120_max_db": -31.181581705983987
  }
}